date,Pettah,Dambulla,year,month,day,day_of_week
2021-10-11,125.0,78.0,2021,10,11,0
2021-10-12,125.0,78.0,2021,10,12,1
2021-10-13,130.0,78.0,2021,10,13,2
2021-10-14,130.0,115.0,2021,10,14,3
2021-10-15,125.0,85.0,2021,10,15,4
2021-10-16,125.0,85.0,2021,10,16,5
2021-10-17,125.0,85.0,2021,10,17,6
2021-10-18,110.0,85.0,2021,10,18,0
2021-10-19,110.0,85.0,2021,10,19,1
2021-10-20,110.0,85.0,2021,10,20,2
2021-10-21,110.0,85.0,2021,10,21,3
2021-10-22,110.0,85.0,2021,10,22,4
2021-10-23,110.0,85.0,2021,10,23,5
2021-10-24,110.0,85.0,2021,10,24,6
2021-10-25,110.0,85.0,2021,10,25,0
2021-10-26,110.0,85.0,2021,10,26,1
2021-10-27,110.0,85.0,2021,10,27,2
2021-10-28,110.0,85.0,2021,10,28,3
2021-10-29,110.0,85.0,2021,10,29,4
2021-10-30,110.0,85.0,2021,10,30,5
2021-10-31,110.0,85.0,2021,10,31,6
2021-11-01,110.0,85.0,2021,11,1,0
2021-11-02,110.0,85.0,2021,11,2,1
2021-11-03,110.0,85.0,2021,11,3,2
2021-11-04,110.0,85.0,2021,11,4,3
2021-11-05,110.0,85.0,2021,11,5,4
2021-11-06,110.0,85.0,2021,11,6,5
2021-11-07,110.0,85.0,2021,11,7,6
2021-11-08,110.0,85.0,2021,11,8,0
2021-11-09,110.0,85.0,2021,11,9,1
2021-11-10,240.0,165.0,2021,11,10,2
2021-11-11,265.0,195.0,2021,11,11,3
2021-11-12,265.0,195.0,2021,11,12,4
2021-11-13,265.0,195.0,2021,11,13,5
2021-11-14,265.0,195.0,2021,11,14,6
2021-11-15,250.0,245.0,2021,11,15,0
2021-11-16,250.0,225.0,2021,11,16,1
2021-11-17,250.0,225.0,2021,11,17,2
2021-11-18,250.0,225.0,2021,11,18,3
2021-11-19,250.0,225.0,2021,11,19,4
2021-11-20,250.0,225.0,2021,11,20,5
2021-11-21,250.0,225.0,2021,11,21,6
2021-11-22,350.0,395.0,2021,11,22,0
2021-11-23,350.0,395.0,2021,11,23,1
2021-11-24,310.0,245.0,2021,11,24,2
2021-11-25,315.0,220.0,2021,11,25,3
2021-11-26,315.0,220.0,2021,11,26,4
2021-11-27,315.0,220.0,2021,11,27,5
2021-11-28,315.0,220.0,2021,11,28,6
2021-11-29,300.0,200.0,2021,11,29,0
2021-11-30,300.0,200.0,2021,11,30,1
2021-12-01,300.0,200.0,2021,12,1,2
2021-12-02,300.0,200.0,2021,12,2,3
2021-12-03,300.0,200.0,2021,12,3,4
2021-12-04,300.0,200.0,2021,12,4,5
2021-12-05,300.0,200.0,2021,12,5,6
2021-12-06,300.0,200.0,2021,12,6,0
2021-12-07,300.0,200.0,2021,12,7,1
2021-12-08,300.0,200.0,2021,12,8,2
2021-12-09,300.0,200.0,2021,12,9,3
2021-12-10,310.0,275.0,2021,12,10,4
2021-12-11,310.0,275.0,2021,12,11,5
2021-12-12,310.0,275.0,2021,12,12,6
2021-12-13,310.0,275.0,2021,12,13,0
2021-12-14,470.0,365.0,2021,12,14,1
2021-12-15,470.0,365.0,2021,12,15,2
2021-12-16,470.0,365.0,2021,12,16,3
2021-12-17,300.0,335.0,2021,12,17,4
2021-12-18,300.0,335.0,2021,12,18,5
2021-12-19,300.0,335.0,2021,12,19,6
2021-12-20,450.0,345.0,2021,12,20,0
2021-12-21,425.0,195.0,2021,12,21,1
2021-12-22,375.0,295.0,2021,12,22,2
2021-12-23,420.0,345.0,2021,12,23,3
2021-12-24,420.0,345.0,2021,12,24,4
2021-12-25,420.0,345.0,2021,12,25,5
2021-12-26,420.0,345.0,2021,12,26,6
2021-12-27,490.0,415.0,2021,12,27,0
2021-12-28,490.0,415.0,2021,12,28,1
2021-12-29,450.0,345.0,2021,12,29,2
2021-12-30,450.0,345.0,2021,12,30,3
2021-12-31,450.0,345.0,2021,12,31,4
2022-01-01,450.0,345.0,2022,1,1,5
2022-01-02,450.0,345.0,2022,1,2,6
2022-01-03,450.0,345.0,2022,1,3,0
2022-01-04,450.0,345.0,2022,1,4,1
2022-01-05,450.0,345.0,2022,1,5,2
2022-01-06,450.0,345.0,2022,1,6,3
2022-01-07,450.0,345.0,2022,1,7,4
2022-01-08,450.0,345.0,2022,1,8,5
2022-01-09,450.0,345.0,2022,1,9,6
2022-01-10,325.0,275.0,2022,1,10,0
2022-01-11,325.0,295.0,2022,1,11,1
2022-01-12,325.0,295.0,2022,1,12,2
2022-01-13,325.0,295.0,2022,1,13,3
2022-01-14,325.0,295.0,2022,1,14,4
2022-01-15,325.0,295.0,2022,1,15,5
2022-01-16,325.0,295.0,2022,1,16,6
2022-01-17,325.0,295.0,2022,1,17,0
2022-01-18,325.0,295.0,2022,1,18,1
2022-01-19,350.0,325.0,2022,1,19,2
2022-01-20,400.0,315.0,2022,1,20,3
2022-01-21,410.0,295.0,2022,1,21,4
2022-01-22,410.0,295.0,2022,1,22,5
2022-01-23,410.0,295.0,2022,1,23,6
2022-01-24,410.0,295.0,2022,1,24,0
2022-01-25,430.0,275.0,2022,1,25,1
2022-01-26,430.0,275.0,2022,1,26,2
2022-01-27,430.0,275.0,2022,1,27,3
2022-01-28,415.0,325.0,2022,1,28,4
2022-01-29,415.0,325.0,2022,1,29,5
2022-01-30,415.0,325.0,2022,1,30,6
2022-01-31,415.0,325.0,2022,1,31,0
2022-02-01,415.0,325.0,2022,2,1,1
2022-02-02,415.0,325.0,2022,2,2,2
2022-02-03,415.0,325.0,2022,2,3,3
2022-02-04,415.0,325.0,2022,2,4,4
2022-02-05,415.0,325.0,2022,2,5,5
2022-02-06,415.0,325.0,2022,2,6,6
2022-02-07,415.0,325.0,2022,2,7,0
2022-02-08,415.0,325.0,2022,2,8,1
2022-02-09,415.0,325.0,2022,2,9,2
2022-02-10,415.0,325.0,2022,2,10,3
2022-02-11,480.0,425.0,2022,2,11,4
2022-02-12,480.0,425.0,2022,2,12,5
2022-02-13,480.0,425.0,2022,2,13,6
2022-02-14,480.0,425.0,2022,2,14,0
2022-02-15,480.0,395.0,2022,2,15,1
2022-02-16,480.0,395.0,2022,2,16,2
2022-02-17,480.0,395.0,2022,2,17,3
2022-02-18,480.0,395.0,2022,2,18,4
2022-02-19,480.0,395.0,2022,2,19,5
2022-02-20,480.0,395.0,2022,2,20,6
2022-02-21,450.0,335.0,2022,2,21,0
2022-02-22,400.0,340.0,2022,2,22,1
2022-02-23,400.0,340.0,2022,2,23,2
2022-02-24,400.0,340.0,2022,2,24,3
2022-02-25,380.0,245.0,2022,2,25,4
2022-02-26,380.0,245.0,2022,2,26,5
2022-02-27,380.0,245.0,2022,2,27,6
2022-02-28,350.0,345.0,2022,2,28,0
2022-03-01,350.0,345.0,2022,3,1,1
2022-03-02,350.0,345.0,2022,3,2,2
2022-03-03,350.0,345.0,2022,3,3,3
2022-03-04,350.0,345.0,2022,3,4,4
2022-03-05,350.0,345.0,2022,3,5,5
2022-03-06,350.0,345.0,2022,3,6,6
2022-03-07,350.0,345.0,2022,3,7,0
2022-03-08,350.0,345.0,2022,3,8,1
2022-03-09,350.0,345.0,2022,3,9,2
2022-03-10,280.0,215.0,2022,3,10,3
2022-03-11,280.0,205.0,2022,3,11,4
2022-03-12,280.0,205.0,2022,3,12,5
2022-03-13,280.0,205.0,2022,3,13,6
2022-03-14,300.0,245.0,2022,3,14,0
2022-03-15,300.0,245.0,2022,3,15,1
2022-03-16,300.0,245.0,2022,3,16,2
2022-03-17,300.0,245.0,2022,3,17,3
2022-03-18,300.0,245.0,2022,3,18,4
2022-03-19,300.0,245.0,2022,3,19,5
2022-03-20,300.0,245.0,2022,3,20,6
2022-03-21,300.0,245.0,2022,3,21,0
2022-03-22,300.0,245.0,2022,3,22,1
2022-03-23,300.0,245.0,2022,3,23,2
2022-03-24,300.0,245.0,2022,3,24,3
2022-03-25,200.0,135.0,2022,3,25,4
2022-03-26,200.0,135.0,2022,3,26,5
2022-03-27,200.0,135.0,2022,3,27,6
2022-03-28,200.0,135.0,2022,3,28,0
2022-03-29,180.0,155.0,2022,3,29,1
2022-03-30,180.0,115.0,2022,3,30,2
2022-03-31,180.0,115.0,2022,3,31,3
2022-04-01,180.0,115.0,2022,4,1,4
2022-04-02,180.0,115.0,2022,4,2,5
2022-04-03,180.0,115.0,2022,4,3,6
2022-04-04,180.0,115.0,2022,4,4,0
2022-04-05,180.0,115.0,2022,4,5,1
2022-04-06,180.0,115.0,2022,4,6,2
2022-04-07,180.0,115.0,2022,4,7,3
2022-04-08,180.0,115.0,2022,4,8,4
2022-04-09,180.0,115.0,2022,4,9,5
2022-04-10,180.0,115.0,2022,4,10,6
2022-04-11,180.0,115.0,2022,4,11,0
2022-04-12,150.0,125.0,2022,4,12,1
2022-04-13,150.0,125.0,2022,4,13,2
2022-04-14,150.0,125.0,2022,4,14,3
2022-04-15,150.0,125.0,2022,4,15,4
2022-04-16,150.0,125.0,2022,4,16,5
2022-04-17,150.0,125.0,2022,4,17,6
2022-04-18,150.0,125.0,2022,4,18,0
2022-04-19,140.0,95.0,2022,4,19,1
2022-04-20,140.0,95.0,2022,4,20,2
2022-04-21,140.0,95.0,2022,4,21,3
2022-04-22,140.0,95.0,2022,4,22,4
2022-04-23,140.0,95.0,2022,4,23,5
2022-04-24,140.0,95.0,2022,4,24,6
2022-04-25,140.0,115.0,2022,4,25,0
2022-04-26,140.0,115.0,2022,4,26,1
2022-04-27,140.0,115.0,2022,4,27,2
2022-04-28,140.0,115.0,2022,4,28,3
2022-04-29,140.0,115.0,2022,4,29,4
2022-04-30,140.0,115.0,2022,4,30,5
2022-05-01,140.0,115.0,2022,5,1,6
2022-05-02,140.0,115.0,2022,5,2,0
2022-05-03,140.0,115.0,2022,5,3,1
2022-05-04,140.0,115.0,2022,5,4,2
2022-05-05,140.0,115.0,2022,5,5,3
2022-05-06,140.0,115.0,2022,5,6,4
2022-05-07,140.0,115.0,2022,5,7,5
2022-05-08,140.0,115.0,2022,5,8,6
2022-05-09,140.0,115.0,2022,5,9,0
2022-05-10,140.0,115.0,2022,5,10,1
2022-05-11,140.0,115.0,2022,5,11,2
2022-05-12,400.0,155.0,2022,5,12,3
2022-05-13,400.0,155.0,2022,5,13,4
2022-05-14,400.0,155.0,2022,5,14,5
2022-05-15,400.0,155.0,2022,5,15,6
2022-05-16,400.0,155.0,2022,5,16,0
2022-05-17,250.0,135.0,2022,5,17,1
2022-05-18,250.0,135.0,2022,5,18,2
2022-05-19,250.0,135.0,2022,5,19,3
2022-05-20,300.0,245.0,2022,5,20,4
2022-05-21,300.0,245.0,2022,5,21,5
2022-05-22,300.0,245.0,2022,5,22,6
2022-05-23,350.0,245.0,2022,5,23,0
2022-05-24,335.0,295.0,2022,5,24,1
2022-05-25,300.0,245.0,2022,5,25,2
2022-05-26,300.0,265.0,2022,5,26,3
2022-05-27,300.0,265.0,2022,5,27,4
2022-05-28,300.0,265.0,2022,5,28,5
2022-05-29,300.0,265.0,2022,5,29,6
2022-05-30,350.0,305.0,2022,5,30,0
2022-05-31,350.0,305.0,2022,5,31,1
2022-06-01,350.0,305.0,2022,6,1,2
2022-06-02,350.0,305.0,2022,6,2,3
2022-06-03,350.0,305.0,2022,6,3,4
2022-06-04,350.0,305.0,2022,6,4,5
2022-06-05,350.0,305.0,2022,6,5,6
2022-06-06,350.0,305.0,2022,6,6,0
2022-06-07,350.0,305.0,2022,6,7,1
2022-06-08,350.0,305.0,2022,6,8,2
2022-06-09,350.0,305.0,2022,6,9,3
2022-06-10,350.0,265.0,2022,6,10,4
2022-06-11,350.0,265.0,2022,6,11,5
2022-06-12,350.0,265.0,2022,6,12,6
2022-06-13,350.0,315.0,2022,6,13,0
2022-06-14,350.0,315.0,2022,6,14,1
2022-06-15,350.0,315.0,2022,6,15,2
2022-06-16,350.0,315.0,2022,6,16,3
2022-06-17,340.0,260.0,2022,6,17,4
2022-06-18,340.0,260.0,2022,6,18,5
2022-06-19,340.0,260.0,2022,6,19,6
2022-06-20,320.0,278.0,2022,6,20,0
2022-06-21,320.0,245.0,2022,6,21,1
2022-06-22,320.0,245.0,2022,6,22,2
2022-06-23,280.0,225.0,2022,6,23,3
2022-06-24,280.0,225.0,2022,6,24,4
2022-06-25,280.0,225.0,2022,6,25,5
2022-06-26,280.0,225.0,2022,6,26,6
2022-06-27,280.0,205.0,2022,6,27,0
2022-06-28,280.0,205.0,2022,6,28,1
2022-06-29,280.0,205.0,2022,6,29,2
2022-06-30,300.0,190.0,2022,6,30,3
2022-07-01,300.0,190.0,2022,7,1,4
2022-07-02,300.0,190.0,2022,7,2,5
2022-07-03,300.0,190.0,2022,7,3,6
2022-07-04,300.0,190.0,2022,7,4,0
2022-07-05,300.0,190.0,2022,7,5,1
2022-07-06,300.0,190.0,2022,7,6,2
2022-07-07,300.0,190.0,2022,7,7,3
2022-07-08,300.0,190.0,2022,7,8,4
2022-07-09,300.0,190.0,2022,7,9,5
2022-07-10,300.0,190.0,2022,7,10,6
2022-07-11,320.0,275.0,2022,7,11,0
2022-07-12,320.0,275.0,2022,7,12,1
2022-07-13,320.0,275.0,2022,7,13,2
2022-07-14,350.0,265.0,2022,7,14,3
2022-07-15,300.0,245.0,2022,7,15,4
2022-07-16,300.0,245.0,2022,7,16,5
2022-07-17,300.0,245.0,2022,7,17,6
2022-07-18,300.0,245.0,2022,7,18,0
2022-07-19,250.0,225.0,2022,7,19,1
2022-07-20,300.0,215.0,2022,7,20,2
2022-07-21,300.0,215.0,2022,7,21,3
2022-07-22,250.0,255.0,2022,7,22,4
2022-07-23,250.0,255.0,2022,7,23,5
2022-07-24,250.0,255.0,2022,7,24,6
2022-07-25,250.0,255.0,2022,7,25,0
2022-07-26,250.0,255.0,2022,7,26,1
2022-07-27,250.0,255.0,2022,7,27,2
2022-07-28,250.0,255.0,2022,7,28,3
2022-07-29,300.0,215.0,2022,7,29,4
2022-07-30,300.0,215.0,2022,7,30,5
2022-07-31,300.0,215.0,2022,7,31,6
2022-08-01,300.0,215.0,2022,8,1,0
2022-08-02,300.0,215.0,2022,8,2,1
2022-08-03,300.0,215.0,2022,8,3,2
2022-08-04,300.0,215.0,2022,8,4,3
2022-08-05,300.0,215.0,2022,8,5,4
2022-08-06,300.0,215.0,2022,8,6,5
2022-08-07,300.0,215.0,2022,8,7,6
2022-08-08,300.0,215.0,2022,8,8,0
2022-08-09,300.0,215.0,2022,8,9,1
2022-08-10,300.0,215.0,2022,8,10,2
2022-08-11,300.0,215.0,2022,8,11,3
2022-08-12,300.0,215.0,2022,8,12,4
2022-08-13,300.0,215.0,2022,8,13,5
2022-08-14,300.0,215.0,2022,8,14,6
2022-08-15,400.0,295.0,2022,8,15,0
2022-08-16,400.0,295.0,2022,8,16,1
2022-08-17,400.0,280.0,2022,8,17,2
2022-08-18,400.0,280.0,2022,8,18,3
2022-08-19,400.0,280.0,2022,8,19,4
2022-08-20,400.0,280.0,2022,8,20,5
2022-08-21,400.0,280.0,2022,8,21,6
2022-08-22,300.0,245.0,2022,8,22,0
2022-08-23,300.0,245.0,2022,8,23,1
2022-08-24,350.0,268.0,2022,8,24,2
2022-08-25,350.0,268.0,2022,8,25,3
2022-08-26,350.0,268.0,2022,8,26,4
2022-08-27,350.0,268.0,2022,8,27,5
2022-08-28,350.0,268.0,2022,8,28,6
2022-08-29,350.0,268.0,2022,8,29,0
2022-08-30,350.0,268.0,2022,8,30,1
2022-08-31,350.0,245.0,2022,8,31,2
2022-09-01,350.0,245.0,2022,9,1,3
2022-09-02,350.0,245.0,2022,9,2,4
2022-09-03,350.0,245.0,2022,9,3,5
2022-09-04,350.0,245.0,2022,9,4,6
2022-09-05,350.0,245.0,2022,9,5,0
2022-09-06,350.0,245.0,2022,9,6,1
2022-09-07,350.0,245.0,2022,9,7,2
2022-09-08,350.0,245.0,2022,9,8,3
2022-09-09,350.0,245.0,2022,9,9,4
2022-09-10,350.0,245.0,2022,9,10,5
2022-09-11,350.0,245.0,2022,9,11,6
2022-09-12,350.0,255.0,2022,9,12,0
2022-09-13,380.0,315.0,2022,9,13,1
2022-09-14,380.0,315.0,2022,9,14,2
2022-09-15,380.0,315.0,2022,9,15,3
2022-09-16,380.0,315.0,2022,9,16,4
2022-09-17,380.0,315.0,2022,9,17,5
2022-09-18,380.0,315.0,2022,9,18,6
2022-09-19,380.0,315.0,2022,9,19,0
2022-09-20,380.0,315.0,2022,9,20,1
2022-09-21,380.0,315.0,2022,9,21,2
2022-09-22,350.0,315.0,2022,9,22,3
2022-09-23,320.0,310.0,2022,9,23,4
2022-09-24,320.0,310.0,2022,9,24,5
2022-09-25,320.0,310.0,2022,9,25,6
2022-09-26,320.0,310.0,2022,9,26,0
2022-09-27,320.0,310.0,2022,9,27,1
2022-09-28,350.0,275.0,2022,9,28,2
2022-09-29,350.0,275.0,2022,9,29,3
2022-09-30,380.0,315.0,2022,9,30,4
2022-10-01,380.0,315.0,2022,10,1,5
2022-10-02,380.0,315.0,2022,10,2,6
2022-10-03,400.0,290.0,2022,10,3,0
2022-10-04,400.0,315.0,2022,10,4,1
2022-10-05,400.0,295.0,2022,10,5,2
2022-10-06,360.0,245.0,2022,10,6,3
2022-10-07,360.0,245.0,2022,10,7,4
2022-10-08,360.0,245.0,2022,10,8,5
2022-10-09,360.0,245.0,2022,10,9,6
2022-10-10,360.0,245.0,2022,10,10,0
2022-10-11,350.0,270.0,2022,10,11,1
2022-10-12,350.0,270.0,2022,10,12,2
2022-10-13,350.0,270.0,2022,10,13,3
2022-10-14,300.0,225.0,2022,10,14,4
2022-10-15,300.0,225.0,2022,10,15,5
2022-10-16,300.0,225.0,2022,10,16,6
2022-10-17,350.0,215.0,2022,10,17,0
2022-10-18,350.0,255.0,2022,10,18,1
2022-10-19,350.0,265.0,2022,10,19,2
2022-10-20,350.0,295.0,2022,10,20,3
2022-10-21,350.0,265.0,2022,10,21,4
2022-10-22,350.0,265.0,2022,10,22,5
2022-10-23,350.0,265.0,2022,10,23,6
2022-10-24,350.0,265.0,2022,10,24,0
2022-10-25,350.0,265.0,2022,10,25,1
2022-10-26,350.0,305.0,2022,10,26,2
2022-10-27,350.0,305.0,2022,10,27,3
2022-10-28,350.0,305.0,2022,10,28,4
2022-10-29,350.0,305.0,2022,10,29,5
2022-10-30,350.0,305.0,2022,10,30,6
2022-10-31,350.0,305.0,2022,10,31,0
2022-11-01,400.0,290.0,2022,11,1,1
2022-11-02,400.0,290.0,2022,11,2,2
2022-11-03,350.0,295.0,2022,11,3,3
2022-11-04,350.0,303.0,2022,11,4,4
2022-11-05,350.0,303.0,2022,11,5,5
2022-11-06,350.0,303.0,2022,11,6,6
2022-11-07,350.0,303.0,2022,11,7,0
2022-11-08,350.0,303.0,2022,11,8,1
2022-11-09,350.0,303.0,2022,11,9,2
2022-11-10,400.0,320.0,2022,11,10,3
2022-11-11,420.0,320.0,2022,11,11,4
2022-11-12,420.0,320.0,2022,11,12,5
2022-11-13,420.0,320.0,2022,11,13,6
2022-11-14,420.0,320.0,2022,11,14,0
2022-11-15,450.0,310.0,2022,11,15,1
2022-11-16,450.0,340.0,2022,11,16,2
2022-11-17,450.0,390.0,2022,11,17,3
2022-11-18,450.0,390.0,2022,11,18,4
2022-11-19,450.0,390.0,2022,11,19,5
2022-11-20,450.0,390.0,2022,11,20,6
2022-11-21,450.0,390.0,2022,11,21,0
2022-11-22,450.0,390.0,2022,11,22,1
2022-11-23,450.0,370.0,2022,11,23,2
2022-11-24,450.0,370.0,2022,11,24,3
2022-11-25,450.0,370.0,2022,11,25,4
2022-11-26,450.0,370.0,2022,11,26,5
2022-11-27,450.0,370.0,2022,11,27,6
2022-11-28,450.0,370.0,2022,11,28,0
2022-11-29,400.0,320.0,2022,11,29,1
2022-11-30,350.0,335.0,2022,11,30,2
2022-12-01,400.0,355.0,2022,12,1,3
2022-12-02,400.0,365.0,2022,12,2,4
2022-12-03,400.0,365.0,2022,12,3,5
2022-12-04,400.0,365.0,2022,12,4,6
2022-12-05,350.0,275.0,2022,12,5,0
2022-12-06,350.0,275.0,2022,12,6,1
2022-12-07,350.0,275.0,2022,12,7,2
2022-12-08,350.0,275.0,2022,12,8,3
2022-12-09,350.0,240.0,2022,12,9,4
2022-12-10,350.0,240.0,2022,12,10,5
2022-12-11,350.0,240.0,2022,12,11,6
2022-12-12,350.0,240.0,2022,12,12,0
2022-12-13,350.0,270.0,2022,12,13,1
2022-12-14,350.0,270.0,2022,12,14,2
2022-12-15,350.0,270.0,2022,12,15,3
2022-12-16,350.0,270.0,2022,12,16,4
2022-12-17,350.0,270.0,2022,12,17,5
2022-12-18,350.0,270.0,2022,12,18,6
2022-12-19,350.0,270.0,2022,12,19,0
2022-12-20,350.0,270.0,2022,12,20,1
2022-12-21,350.0,270.0,2022,12,21,2
2022-12-22,350.0,270.0,2022,12,22,3
2022-12-23,350.0,270.0,2022,12,23,4
2022-12-24,350.0,270.0,2022,12,24,5
2022-12-25,350.0,270.0,2022,12,25,6
2022-12-26,350.0,270.0,2022,12,26,0
2022-12-27,350.0,270.0,2022,12,27,1
2022-12-28,350.0,270.0,2022,12,28,2
2022-12-29,260.0,240.0,2022,12,29,3
2022-12-30,260.0,240.0,2022,12,30,4
2022-12-31,260.0,240.0,2022,12,31,5
2023-01-01,260.0,240.0,2023,1,1,6
2023-01-02,260.0,240.0,2023,1,2,0
2023-01-03,260.0,240.0,2023,1,3,1
2023-01-04,260.0,195.0,2023,1,4,2
2023-01-05,260.0,170.0,2023,1,5,3
2023-01-06,260.0,170.0,2023,1,6,4
2023-01-07,260.0,170.0,2023,1,7,5
2023-01-08,260.0,170.0,2023,1,8,6
2023-01-09,260.0,170.0,2023,1,9,0
2023-01-10,260.0,170.0,2023,1,10,1
2023-01-11,220.0,140.0,2023,1,11,2
2023-01-12,250.0,170.0,2023,1,12,3
2023-01-13,250.0,180.0,2023,1,13,4
2023-01-14,250.0,180.0,2023,1,14,5
2023-01-15,250.0,180.0,2023,1,15,6
2023-01-16,250.0,180.0,2023,1,16,0
2023-01-17,200.0,125.0,2023,1,17,1
2023-01-18,200.0,190.0,2023,1,18,2
2023-01-19,200.0,120.0,2023,1,19,3
2023-01-20,200.0,130.0,2023,1,20,4
2023-01-21,200.0,130.0,2023,1,21,5
2023-01-22,200.0,130.0,2023,1,22,6
2023-01-23,200.0,125.0,2023,1,23,0
2023-01-24,200.0,130.0,2023,1,24,1
2023-01-25,200.0,100.0,2023,1,25,2
2023-01-26,200.0,100.0,2023,1,26,3
2023-01-27,200.0,105.0,2023,1,27,4
2023-01-28,200.0,105.0,2023,1,28,5
2023-01-29,200.0,105.0,2023,1,29,6
2023-01-30,200.0,125.0,2023,1,30,0
2023-01-31,200.0,115.0,2023,1,31,1
2023-02-01,160.0,95.0,2023,2,1,2
2023-02-02,160.0,120.0,2023,2,2,3
2023-02-03,160.0,120.0,2023,2,3,4
2023-02-04,160.0,120.0,2023,2,4,5
2023-02-05,160.0,120.0,2023,2,5,6
2023-02-06,180.0,125.0,2023,2,6,0
2023-02-07,160.0,95.0,2023,2,7,1
2023-02-08,160.0,125.0,2023,2,8,2
2023-02-09,160.0,125.0,2023,2,9,3
2023-02-10,140.0,110.0,2023,2,10,4
2023-02-11,140.0,110.0,2023,2,11,5
2023-02-12,140.0,110.0,2023,2,12,6
2023-02-13,160.0,100.0,2023,2,13,0
2023-02-14,160.0,110.0,2023,2,14,1
2023-02-15,160.0,110.0,2023,2,15,2
2023-02-16,180.0,120.0,2023,2,16,3
2023-02-17,180.0,120.0,2023,2,17,4
2023-02-18,180.0,120.0,2023,2,18,5
2023-02-19,180.0,120.0,2023,2,19,6
2023-02-20,160.0,135.0,2023,2,20,0
2023-02-21,160.0,140.0,2023,2,21,1
2023-02-22,180.0,145.0,2023,2,22,2
2023-02-23,180.0,145.0,2023,2,23,3
2023-02-24,140.0,125.0,2023,2,24,4
2023-02-25,140.0,125.0,2023,2,25,5
2023-02-26,140.0,125.0,2023,2,26,6
2023-02-27,160.0,100.0,2023,2,27,0
2023-02-28,160.0,75.0,2023,2,28,1
2023-03-01,160.0,95.0,2023,3,1,2
2023-03-02,160.0,120.0,2023,3,2,3
2023-03-03,160.0,95.0,2023,3,3,4
2023-03-04,160.0,95.0,2023,3,4,5
2023-03-05,160.0,95.0,2023,3,5,6
2023-03-06,160.0,95.0,2023,3,6,0
2023-03-07,160.0,115.0,2023,3,7,1
2023-03-08,160.0,135.0,2023,3,8,2
2023-03-09,160.0,135.0,2023,3,9,3
2023-03-10,140.0,100.0,2023,3,10,4
2023-03-11,140.0,100.0,2023,3,11,5
2023-03-12,140.0,100.0,2023,3,12,6
2023-03-13,140.0,100.0,2023,3,13,0
2023-03-14,140.0,65.0,2023,3,14,1
2023-03-15,140.0,85.0,2023,3,15,2
2023-03-16,140.0,95.0,2023,3,16,3
2023-03-17,140.0,100.0,2023,3,17,4
2023-03-18,140.0,100.0,2023,3,18,5
2023-03-19,140.0,100.0,2023,3,19,6
2023-03-20,140.0,95.0,2023,3,20,0
2023-03-21,140.0,95.0,2023,3,21,1
2023-03-22,140.0,85.0,2023,3,22,2
2023-03-23,140.0,75.0,2023,3,23,3
2023-03-24,120.0,85.0,2023,3,24,4
2023-03-25,120.0,85.0,2023,3,25,5
2023-03-26,120.0,85.0,2023,3,26,6
2023-03-27,140.0,100.0,2023,3,27,0
2023-03-28,140.0,100.0,2023,3,28,1
2023-03-29,140.0,100.0,2023,3,29,2
2023-03-30,160.0,110.0,2023,3,30,3
2023-03-31,160.0,115.0,2023,3,31,4
2023-04-01,160.0,115.0,2023,4,1,5
2023-04-02,160.0,115.0,2023,4,2,6
2023-04-03,140.0,95.0,2023,4,3,0
2023-04-04,140.0,95.0,2023,4,4,1
2023-04-05,140.0,95.0,2023,4,5,2
2023-04-06,140.0,100.0,2023,4,6,3
2023-04-07,140.0,100.0,2023,4,7,4
2023-04-08,140.0,100.0,2023,4,8,5
2023-04-09,140.0,100.0,2023,4,9,6
2023-04-10,150.0,100.0,2023,4,10,0
2023-04-11,150.0,110.0,2023,4,11,1
2023-04-12,150.0,110.0,2023,4,12,2
2023-04-13,150.0,110.0,2023,4,13,3
2023-04-14,150.0,110.0,2023,4,14,4
2023-04-15,150.0,110.0,2023,4,15,5
2023-04-16,150.0,110.0,2023,4,16,6
2023-04-17,150.0,110.0,2023,4,17,0
2023-04-18,230.0,128.0,2023,4,18,1
2023-04-19,200.0,145.0,2023,4,19,2
2023-04-20,200.0,125.0,2023,4,20,3
2023-04-21,200.0,135.0,2023,4,21,4
2023-04-22,200.0,135.0,2023,4,22,5
2023-04-23,200.0,135.0,2023,4,23,6
2023-04-24,180.0,110.0,2023,4,24,0
2023-04-25,180.0,140.0,2023,4,25,1
2023-04-26,150.0,145.0,2023,4,26,2
2023-04-27,150.0,110.0,2023,4,27,3
2023-04-28,150.0,110.0,2023,4,28,4
2023-04-29,150.0,110.0,2023,4,29,5
2023-04-30,150.0,110.0,2023,4,30,6
2023-05-01,150.0,110.0,2023,5,1,0
2023-05-02,160.0,105.0,2023,5,2,1
2023-05-03,160.0,105.0,2023,5,3,2
2023-05-04,160.0,125.0,2023,5,4,3
2023-05-05,160.0,125.0,2023,5,5,4
2023-05-06,160.0,125.0,2023,5,6,5
2023-05-07,160.0,125.0,2023,5,7,6
2023-05-08,180.0,105.0,2023,5,8,0
2023-05-09,200.0,135.0,2023,5,9,1
2023-05-10,200.0,150.0,2023,5,10,2
2023-05-11,180.0,135.0,2023,5,11,3
2023-05-12,180.0,140.0,2023,5,12,4
2023-05-13,180.0,140.0,2023,5,13,5
2023-05-14,180.0,140.0,2023,5,14,6
2023-05-15,240.0,205.0,2023,5,15,0
2023-05-16,240.0,210.0,2023,5,16,1
2023-05-17,220.0,255.0,2023,5,17,2
2023-05-18,220.0,290.0,2023,5,18,3
2023-05-19,220.0,275.0,2023,5,19,4
2023-05-20,220.0,275.0,2023,5,20,5
2023-05-21,220.0,275.0,2023,5,21,6
2023-05-22,300.0,290.0,2023,5,22,0
2023-05-23,350.0,275.0,2023,5,23,1
2023-05-24,320.0,245.0,2023,5,24,2
2023-05-25,320.0,310.0,2023,5,25,3
2023-05-26,300.0,275.0,2023,5,26,4
2023-05-27,300.0,275.0,2023,5,27,5
2023-05-28,300.0,275.0,2023,5,28,6
2023-05-29,350.0,325.0,2023,5,29,0
2023-05-30,350.0,310.0,2023,5,30,1
2023-05-31,320.0,320.0,2023,5,31,2
2023-06-01,350.0,320.0,2023,6,1,3
2023-06-02,350.0,290.0,2023,6,2,4
2023-06-03,350.0,290.0,2023,6,3,5
2023-06-04,350.0,290.0,2023,6,4,6
2023-06-05,350.0,295.0,2023,6,5,0
2023-06-06,350.0,295.0,2023,6,6,1
2023-06-07,320.0,305.0,2023,6,7,2
2023-06-08,320.0,305.0,2023,6,8,3
2023-06-09,350.0,300.0,2023,6,9,4
2023-06-10,350.0,300.0,2023,6,10,5
2023-06-11,350.0,300.0,2023,6,11,6
2023-06-12,380.0,300.0,2023,6,12,0
2023-06-13,380.0,295.0,2023,6,13,1
2023-06-14,350.0,275.0,2023,6,14,2
2023-06-15,350.0,300.0,2023,6,15,3
2023-06-16,330.0,300.0,2023,6,16,4
2023-06-17,330.0,300.0,2023,6,17,5
2023-06-18,330.0,300.0,2023,6,18,6
2023-06-19,360.0,305.0,2023,6,19,0
2023-06-20,350.0,310.0,2023,6,20,1
2023-06-21,370.0,305.0,2023,6,21,2
2023-06-22,380.0,340.0,2023,6,22,3
2023-06-23,380.0,375.0,2023,6,23,4
2023-06-24,380.0,375.0,2023,6,24,5
2023-06-25,380.0,375.0,2023,6,25,6
2023-06-26,450.0,355.0,2023,6,26,0
2023-06-27,450.0,375.0,2023,6,27,1
2023-06-28,450.0,390.0,2023,6,28,2
2023-06-29,450.0,390.0,2023,6,29,3
2023-06-30,450.0,390.0,2023,6,30,4
2023-07-01,450.0,390.0,2023,7,1,5
2023-07-02,450.0,390.0,2023,7,2,6
2023-07-03,450.0,390.0,2023,7,3,0
2023-07-04,450.0,375.0,2023,7,4,1
2023-07-05,470.0,425.0,2023,7,5,2
2023-07-06,500.0,430.0,2023,7,6,3
2023-07-07,460.0,425.0,2023,7,7,4
2023-07-08,460.0,425.0,2023,7,8,5
2023-07-09,460.0,425.0,2023,7,9,6
2023-07-10,460.0,155.0,2023,7,10,0
2023-07-11,400.0,340.0,2023,7,11,1
2023-07-12,430.0,325.0,2023,7,12,2
2023-07-13,400.0,325.0,2023,7,13,3
2023-07-14,400.0,380.0,2023,7,14,4
2023-07-15,400.0,380.0,2023,7,15,5
2023-07-16,400.0,380.0,2023,7,16,6
2023-07-17,450.0,400.0,2023,7,17,0
2023-07-18,450.0,350.0,2023,7,18,1
2023-07-19,450.0,420.0,2023,7,19,2
2023-07-20,450.0,410.0,2023,7,20,3
2023-07-21,480.0,415.0,2023,7,21,4
2023-07-22,480.0,415.0,2023,7,22,5
2023-07-23,480.0,415.0,2023,7,23,6
2023-07-24,500.0,430.0,2023,7,24,0
2023-07-25,530.0,425.0,2023,7,25,1
2023-07-26,530.0,425.0,2023,7,26,2
2023-07-27,530.0,425.0,2023,7,27,3
2023-07-28,530.0,425.0,2023,7,28,4
2023-07-29,530.0,425.0,2023,7,29,5
2023-07-30,530.0,425.0,2023,7,30,6
2023-07-31,450.0,400.0,2023,7,31,0
2023-08-01,450.0,400.0,2023,8,1,1
2023-08-02,450.0,455.0,2023,8,2,2
2023-08-03,480.0,425.0,2023,8,3,3
2023-08-04,480.0,435.0,2023,8,4,4
2023-08-05,480.0,435.0,2023,8,5,5
2023-08-06,480.0,435.0,2023,8,6,6
2023-08-07,480.0,425.0,2023,8,7,0
2023-08-08,480.0,425.0,2023,8,8,1
2023-08-09,450.0,415.0,2023,8,9,2
2023-08-10,450.0,425.0,2023,8,10,3
2023-08-11,420.0,325.0,2023,8,11,4
2023-08-12,420.0,325.0,2023,8,12,5
2023-08-13,420.0,325.0,2023,8,13,6
2023-08-14,480.0,390.0,2023,8,14,0
2023-08-15,480.0,380.0,2023,8,15,1
2023-08-16,480.0,380.0,2023,8,16,2
2023-08-17,450.0,365.0,2023,8,17,3
2023-08-18,450.0,340.0,2023,8,18,4
2023-08-19,450.0,340.0,2023,8,19,5
2023-08-20,450.0,340.0,2023,8,20,6
2023-08-21,450.0,340.0,2023,8,21,0
2023-08-22,400.0,290.0,2023,8,22,1
2023-08-23,400.0,375.0,2023,8,23,2
2023-08-24,400.0,375.0,2023,8,24,3
2023-08-25,350.0,290.0,2023,8,25,4
2023-08-26,350.0,290.0,2023,8,26,5
2023-08-27,350.0,290.0,2023,8,27,6
2023-08-28,350.0,265.0,2023,8,28,0
2023-08-29,350.0,205.0,2023,8,29,1
2023-08-30,350.0,205.0,2023,8,30,2
2023-08-31,350.0,260.0,2023,8,31,3
2023-09-01,300.0,285.0,2023,9,1,4
2023-09-02,300.0,285.0,2023,9,2,5
2023-09-03,300.0,285.0,2023,9,3,6
2023-09-04,250.0,225.0,2023,9,4,0
2023-09-05,280.0,205.0,2023,9,5,1
2023-09-06,300.0,190.0,2023,9,6,2
2023-09-07,260.0,225.0,2023,9,7,3
2023-09-08,250.0,200.0,2023,9,8,4
2023-09-09,250.0,200.0,2023,9,9,5
2023-09-10,250.0,200.0,2023,9,10,6
2023-09-11,250.0,200.0,2023,9,11,0
2023-09-12,220.0,200.0,2023,9,12,1
2023-09-13,220.0,200.0,2023,9,13,2
2023-09-14,220.0,200.0,2023,9,14,3
2023-09-15,200.0,215.0,2023,9,15,4
2023-09-16,200.0,215.0,2023,9,16,5
2023-09-17,200.0,215.0,2023,9,17,6
2023-09-18,200.0,153.0,2023,9,18,0
2023-09-19,200.0,153.0,2023,9,19,1
2023-09-20,200.0,145.0,2023,9,20,2
2023-09-21,160.0,140.0,2023,9,21,3
2023-09-22,140.0,115.0,2023,9,22,4
2023-09-23,140.0,115.0,2023,9,23,5
2023-09-24,140.0,115.0,2023,9,24,6
2023-09-25,160.0,120.0,2023,9,25,0
2023-09-26,160.0,115.0,2023,9,26,1
2023-09-27,160.0,135.0,2023,9,27,2
2023-09-28,160.0,135.0,2023,9,28,3
2023-09-29,160.0,135.0,2023,9,29,4
2023-09-30,160.0,135.0,2023,9,30,5
2023-10-01,160.0,135.0,2023,10,1,6
2023-10-02,160.0,135.0,2023,10,2,0
2023-10-03,160.0,135.0,2023,10,3,1
2023-10-04,200.0,180.0,2023,10,4,2
2023-10-05,160.0,140.0,2023,10,5,3
2023-10-06,200.0,135.0,2023,10,6,4
2023-10-07,200.0,135.0,2023,10,7,5
2023-10-08,200.0,135.0,2023,10,8,6
2023-10-09,180.0,140.0,2023,10,9,0
2023-10-10,200.0,115.0,2023,10,10,1
2023-10-11,200.0,170.0,2023,10,11,2
2023-10-12,180.0,165.0,2023,10,12,3
2023-10-13,160.0,155.0,2023,10,13,4
2023-10-14,160.0,155.0,2023,10,14,5
2023-10-15,160.0,155.0,2023,10,15,6
2023-10-16,170.0,140.0,2023,10,16,0
2023-10-17,200.0,140.0,2023,10,17,1
2023-10-18,200.0,155.0,2023,10,18,2
2023-10-19,200.0,175.0,2023,10,19,3
2023-10-20,200.0,140.0,2023,10,20,4
2023-10-21,200.0,140.0,2023,10,21,5
2023-10-22,200.0,140.0,2023,10,22,6
2023-10-23,200.0,140.0,2023,10,23,0
2023-10-24,250.0,210.0,2023,10,24,1
2023-10-25,250.0,210.0,2023,10,25,2
2023-10-26,250.0,190.0,2023,10,26,3
2023-10-27,280.0,205.0,2023,10,27,4
2023-10-28,280.0,205.0,2023,10,28,5
2023-10-29,280.0,205.0,2023,10,29,6
2023-10-30,280.0,205.0,2023,10,30,0
2023-10-31,280.0,205.0,2023,10,31,1
2023-11-01,250.0,225.0,2023,11,1,2
2023-11-02,270.0,275.0,2023,11,2,3
2023-11-03,270.0,235.0,2023,11,3,4
2023-11-04,270.0,235.0,2023,11,4,5
2023-11-05,270.0,235.0,2023,11,5,6
2023-11-06,270.0,210.0,2023,11,6,0
2023-11-07,300.0,195.0,2023,11,7,1
2023-11-08,300.0,225.0,2023,11,8,2
2023-11-09,300.0,245.0,2023,11,9,3
2023-11-10,300.0,225.0,2023,11,10,4
2023-11-11,300.0,225.0,2023,11,11,5
2023-11-12,300.0,225.0,2023,11,12,6
2023-11-13,350.0,335.0,2023,11,13,0
2023-11-14,350.0,345.0,2023,11,14,1
2023-11-15,350.0,285.0,2023,11,15,2
2023-11-16,370.0,275.0,2023,11,16,3
2023-11-17,350.0,235.0,2023,11,17,4
2023-11-18,350.0,235.0,2023,11,18,5
2023-11-19,350.0,235.0,2023,11,19,6
2023-11-20,370.0,265.0,2023,11,20,0
2023-11-21,370.0,270.0,2023,11,21,1
2023-11-22,350.0,285.0,2023,11,22,2
2023-11-23,350.0,260.0,2023,11,23,3
2023-11-24,330.0,290.0,2023,11,24,4
2023-11-25,330.0,290.0,2023,11,25,5
2023-11-26,330.0,290.0,2023,11,26,6
2023-11-27,380.0,290.0,2023,11,27,0
2023-11-28,380.0,290.0,2023,11,28,1
2023-11-29,380.0,345.0,2023,11,29,2
2023-11-30,280.0,300.0,2023,11,30,3
2023-12-01,280.0,245.0,2023,12,1,4
2023-12-02,280.0,245.0,2023,12,2,5
2023-12-03,280.0,245.0,2023,12,3,6
2023-12-04,280.0,265.0,2023,12,4,0
2023-12-05,350.0,335.0,2023,12,5,1
2023-12-06,350.0,210.0,2023,12,6,2
2023-12-07,400.0,245.0,2023,12,7,3
2023-12-08,360.0,315.0,2023,12,8,4
2023-12-09,360.0,315.0,2023,12,9,5
2023-12-10,360.0,315.0,2023,12,10,6
2023-12-11,360.0,355.0,2023,12,11,0
2023-12-12,360.0,285.0,2023,12,12,1
2023-12-13,400.0,335.0,2023,12,13,2
2023-12-14,360.0,315.0,2023,12,14,3
2023-12-15,420.0,355.0,2023,12,15,4
2023-12-16,420.0,355.0,2023,12,16,5
2023-12-17,420.0,355.0,2023,12,17,6
2023-12-18,400.0,275.0,2023,12,18,0
2023-12-19,370.0,390.0,2023,12,19,1
2023-12-20,370.0,375.0,2023,12,20,2
2023-12-21,400.0,385.0,2023,12,21,3
2023-12-22,400.0,390.0,2023,12,22,4
2023-12-23,400.0,390.0,2023,12,23,5
2023-12-24,400.0,390.0,2023,12,24,6
2023-12-25,400.0,390.0,2023,12,25,0
2023-12-26,400.0,390.0,2023,12,26,1
2023-12-27,650.0,495.0,2023,12,27,2
2023-12-28,600.0,575.0,2023,12,28,3
2023-12-29,600.0,525.0,2023,12,29,4
2023-12-30,600.0,525.0,2023,12,30,5
2023-12-31,600.0,525.0,2023,12,31,6
2024-01-01,600.0,525.0,2024,1,1,0
2024-01-02,600.0,525.0,2024,1,2,1
2024-01-03,750.0,645.0,2024,1,3,2
2024-01-04,800.0,500.0,2024,1,4,3
2024-01-05,750.0,490.0,2024,1,5,4
2024-01-06,750.0,490.0,2024,1,6,5
2024-01-07,750.0,490.0,2024,1,7,6
2024-01-08,950.0,600.0,2024,1,8,0
2024-01-09,900.0,815.0,2024,1,9,1
2024-01-10,900.0,815.0,2024,1,10,2
2024-01-11,900.0,815.0,2024,1,11,3
2024-01-12,900.0,815.0,2024,1,12,4
2024-01-13,900.0,815.0,2024,1,13,5
2024-01-14,900.0,815.0,2024,1,14,6
2024-01-15,900.0,815.0,2024,1,15,0
2024-01-16,900.0,815.0,2024,1,16,1
2024-01-17,900.0,815.0,2024,1,17,2
2024-01-18,900.0,815.0,2024,1,18,3
2024-01-19,900.0,815.0,2024,1,19,4
2024-01-20,900.0,815.0,2024,1,20,5
2024-01-21,900.0,815.0,2024,1,21,6
2024-01-22,900.0,815.0,2024,1,22,0
2024-01-23,900.0,815.0,2024,1,23,1
2024-01-24,900.0,815.0,2024,1,24,2
2024-01-25,900.0,815.0,2024,1,25,3
2024-01-26,900.0,815.0,2024,1,26,4
2024-01-27,900.0,815.0,2024,1,27,5
2024-01-28,900.0,815.0,2024,1,28,6
2024-01-29,900.0,815.0,2024,1,29,0
2024-01-30,900.0,815.0,2024,1,30,1
2024-01-31,900.0,815.0,2024,1,31,2
2024-02-01,900.0,815.0,2024,2,1,3
2024-02-02,900.0,815.0,2024,2,2,4
2024-02-03,900.0,815.0,2024,2,3,5
2024-02-04,900.0,815.0,2024,2,4,6
2024-02-05,900.0,815.0,2024,2,5,0
2024-02-06,900.0,815.0,2024,2,6,1
2024-02-07,900.0,815.0,2024,2,7,2
2024-02-08,900.0,815.0,2024,2,8,3
2024-02-09,800.0,700.0,2024,2,9,4
2024-02-10,800.0,700.0,2024,2,10,5
2024-02-11,800.0,700.0,2024,2,11,6
2024-02-12,800.0,575.0,2024,2,12,0
2024-02-13,800.0,575.0,2024,2,13,1
2024-02-14,800.0,575.0,2024,2,14,2
2024-02-15,700.0,540.0,2024,2,15,3
2024-02-16,500.0,450.0,2024,2,16,4
2024-02-17,500.0,450.0,2024,2,17,5
2024-02-18,500.0,450.0,2024,2,18,6
2024-02-19,450.0,390.0,2024,2,19,0
2024-02-20,480.0,310.0,2024,2,20,1
2024-02-21,480.0,355.0,2024,2,21,2
2024-02-22,480.0,435.0,2024,2,22,3
2024-02-23,480.0,435.0,2024,2,23,4
2024-02-24,480.0,435.0,2024,2,24,5
2024-02-25,480.0,435.0,2024,2,25,6
2024-02-26,450.0,340.0,2024,2,26,0
2024-02-27,470.0,305.0,2024,2,27,1
2024-02-28,450.0,400.0,2024,2,28,2
2024-02-29,500.0,365.0,2024,2,29,3
2024-03-01,500.0,345.0,2024,3,1,4
2024-03-02,500.0,345.0,2024,3,2,5
2024-03-03,500.0,345.0,2024,3,3,6
2024-03-04,370.0,290.0,2024,3,4,0
2024-03-05,350.0,355.0,2024,3,5,1
2024-03-06,350.0,255.0,2024,3,6,2
2024-03-07,350.0,295.0,2024,3,7,3
2024-03-08,350.0,295.0,2024,3,8,4
2024-03-09,350.0,295.0,2024,3,9,5
2024-03-10,350.0,295.0,2024,3,10,6
2024-03-11,500.0,325.0,2024,3,11,0
2024-03-12,400.0,385.0,2024,3,12,1
2024-03-13,420.0,390.0,2024,3,13,2
2024-03-14,450.0,335.0,2024,3,14,3
2024-03-15,370.0,310.0,2024,3,15,4
2024-03-16,370.0,310.0,2024,3,16,5
2024-03-17,370.0,310.0,2024,3,17,6
2024-03-18,300.0,340.0,2024,3,18,0
2024-03-19,300.0,235.0,2024,3,19,1
2024-03-20,300.0,290.0,2024,3,20,2
2024-03-21,350.0,290.0,2024,3,21,3
2024-03-22,350.0,240.0,2024,3,22,4
2024-03-23,350.0,240.0,2024,3,23,5
2024-03-24,350.0,240.0,2024,3,24,6
2024-03-25,350.0,290.0,2024,3,25,0
2024-03-26,330.0,265.0,2024,3,26,1
2024-03-27,330.0,235.0,2024,3,27,2
2024-03-28,300.0,265.0,2024,3,28,3
2024-03-29,300.0,265.0,2024,3,29,4
2024-03-30,300.0,265.0,2024,3,30,5
2024-03-31,300.0,265.0,2024,3,31,6
2024-04-01,300.0,245.0,2024,4,1,0
2024-04-02,280.0,250.0,2024,4,2,1
2024-04-03,380.0,310.0,2024,4,3,2
2024-04-04,350.0,260.0,2024,4,4,3
2024-04-05,300.0,245.0,2024,4,5,4
2024-04-06,300.0,245.0,2024,4,6,5
2024-04-07,300.0,245.0,2024,4,7,6
2024-04-08,280.0,255.0,2024,4,8,0
2024-04-09,280.0,245.0,2024,4,9,1
2024-04-10,250.0,215.0,2024,4,10,2
2024-04-11,250.0,215.0,2024,4,11,3
2024-04-12,250.0,215.0,2024,4,12,4
2024-04-13,250.0,215.0,2024,4,13,5
2024-04-14,250.0,215.0,2024,4,14,6
2024-04-15,250.0,215.0,2024,4,15,0
2024-04-16,250.0,215.0,2024,4,16,1
2024-04-17,280.0,240.0,2024,4,17,2
2024-04-18,250.0,190.0,2024,4,18,3
2024-04-19,250.0,170.0,2024,4,19,4
2024-04-20,250.0,170.0,2024,4,20,5
2024-04-21,250.0,170.0,2024,4,21,6
2024-04-22,230.0,195.0,2024,4,22,0
2024-04-23,230.0,195.0,2024,4,23,1
2024-04-24,250.0,160.0,2024,4,24,2
2024-04-25,250.0,150.0,2024,4,25,3
2024-04-26,230.0,125.0,2024,4,26,4
2024-04-27,230.0,125.0,2024,4,27,5
2024-04-28,230.0,125.0,2024,4,28,6
2024-04-29,230.0,110.0,2024,4,29,0
2024-04-30,200.0,145.0,2024,4,30,1
2024-05-01,200.0,145.0,2024,5,1,2
2024-05-02,180.0,140.0,2024,5,2,3
2024-05-03,180.0,120.0,2024,5,3,4
2024-05-04,180.0,120.0,2024,5,4,5
2024-05-05,180.0,120.0,2024,5,5,6
2024-05-06,180.0,145.0,2024,5,6,0
2024-05-07,180.0,135.0,2024,5,7,1
2024-05-08,180.0,170.0,2024,5,8,2
2024-05-09,180.0,105.0,2024,5,9,3
2024-05-10,170.0,95.0,2024,5,10,4
2024-05-11,170.0,95.0,2024,5,11,5
2024-05-12,170.0,95.0,2024,5,12,6
2024-05-13,200.0,115.0,2024,5,13,0
2024-05-14,150.0,105.0,2024,5,14,1
2024-05-15,150.0,90.0,2024,5,15,2
2024-05-16,150.0,85.0,2024,5,16,3
2024-05-17,170.0,125.0,2024,5,17,4
2024-05-18,170.0,125.0,2024,5,18,5
2024-05-19,170.0,125.0,2024,5,19,6
2024-05-20,150.0,155.0,2024,5,20,0
2024-05-21,180.0,140.0,2024,5,21,1
2024-05-22,180.0,140.0,2024,5,22,2
2024-05-23,180.0,140.0,2024,5,23,3
2024-05-24,180.0,140.0,2024,5,24,4
2024-05-25,180.0,140.0,2024,5,25,5
2024-05-26,180.0,140.0,2024,5,26,6
2024-05-27,170.0,125.0,2024,5,27,0
2024-05-28,200.0,110.0,2024,5,28,1
2024-05-29,200.0,130.0,2024,5,29,2
2024-05-30,200.0,110.0,2024,5,30,3
2024-05-31,180.0,125.0,2024,5,31,4
2024-06-01,180.0,125.0,2024,6,1,5
2024-06-02,180.0,125.0,2024,6,2,6
2024-06-03,180.0,125.0,2024,6,3,0
2024-06-04,170.0,150.0,2024,6,4,1
2024-06-05,200.0,145.0,2024,6,5,2
2024-06-06,200.0,145.0,2024,6,6,3
2024-06-07,200.0,185.0,2024,6,7,4
2024-06-08,200.0,185.0,2024,6,8,5
2024-06-09,200.0,185.0,2024,6,9,6
2024-06-10,350.0,315.0,2024,6,10,0
2024-06-11,350.0,325.0,2024,6,11,1
2024-06-12,400.0,275.0,2024,6,12,2
2024-06-13,350.0,390.0,2024,6,13,3
2024-06-14,350.0,210.0,2024,6,14,4
2024-06-15,350.0,210.0,2024,6,15,5
2024-06-16,350.0,210.0,2024,6,16,6
2024-06-17,350.0,210.0,2024,6,17,0
2024-06-18,330.0,325.0,2024,6,18,1
2024-06-19,370.0,375.0,2024,6,19,2
2024-06-20,450.0,375.0,2024,6,20,3
2024-06-21,450.0,375.0,2024,6,21,4
2024-06-22,450.0,375.0,2024,6,22,5
2024-06-23,450.0,375.0,2024,6,23,6
2024-06-24,450.0,425.0,2024,6,24,0
2024-06-25,450.0,425.0,2024,6,25,1
2024-06-26,500.0,425.0,2024,6,26,2
2024-06-27,450.0,395.0,2024,6,27,3
2024-06-28,430.0,390.0,2024,6,28,4
2024-06-29,430.0,390.0,2024,6,29,5
2024-06-30,430.0,390.0,2024,6,30,6
2024-07-01,400.0,375.0,2024,7,1,0
2024-07-02,450.0,365.0,2024,7,2,1
2024-07-03,480.0,425.0,2024,7,3,2
2024-07-04,400.0,425.0,2024,7,4,3
2024-07-05,400.0,290.0,2024,7,5,4
2024-07-06,400.0,290.0,2024,7,6,5
2024-07-07,400.0,290.0,2024,7,7,6
2024-07-08,350.0,335.0,2024,7,8,0
2024-07-09,350.0,350.0,2024,7,9,1
2024-07-10,350.0,365.0,2024,7,10,2
2024-07-11,400.0,345.0,2024,7,11,3
2024-07-12,380.0,210.0,2024,7,12,4
2024-07-13,380.0,210.0,2024,7,13,5
2024-07-14,380.0,210.0,2024,7,14,6
2024-07-15,400.0,340.0,2024,7,15,0
2024-07-16,400.0,375.0,2024,7,16,1
2024-07-17,400.0,325.0,2024,7,17,2
2024-07-18,320.0,325.0,2024,7,18,3
2024-07-19,300.0,325.0,2024,7,19,4
2024-07-20,300.0,325.0,2024,7,20,5
2024-07-21,300.0,325.0,2024,7,21,6
2024-07-22,450.0,390.0,2024,7,22,0
2024-07-23,470.0,325.0,2024,7,23,1
2024-07-24,450.0,325.0,2024,7,24,2
2024-07-25,400.0,275.0,2024,7,25,3
2024-07-26,400.0,365.0,2024,7,26,4
2024-07-27,400.0,365.0,2024,7,27,5
2024-07-28,400.0,365.0,2024,7,28,6
2024-07-29,350.0,275.0,2024,7,29,0
2024-07-30,320.0,235.0,2024,7,30,1
2024-07-31,350.0,235.0,2024,7,31,2
2024-08-01,320.0,290.0,2024,8,1,3
2024-08-02,350.0,245.0,2024,8,2,4
2024-08-03,350.0,245.0,2024,8,3,5
2024-08-04,350.0,245.0,2024,8,4,6
2024-08-05,350.0,175.0,2024,8,5,0
2024-08-06,370.0,195.0,2024,8,6,1
2024-08-07,300.0,155.0,2024,8,7,2
2024-08-08,280.0,175.0,2024,8,8,3
2024-08-09,250.0,165.0,2024,8,9,4
2024-08-10,250.0,165.0,2024,8,10,5
2024-08-11,250.0,165.0,2024,8,11,6
2024-08-12,300.0,165.0,2024,8,12,0
2024-08-13,300.0,190.0,2024,8,13,1
2024-08-14,300.0,210.0,2024,8,14,2
2024-08-15,250.0,165.0,2024,8,15,3
2024-08-16,250.0,190.0,2024,8,16,4
2024-08-17,250.0,190.0,2024,8,17,5
2024-08-18,250.0,190.0,2024,8,18,6
2024-08-19,250.0,190.0,2024,8,19,0
2024-08-20,250.0,190.0,2024,8,20,1
2024-08-21,230.0,175.0,2024,8,21,2
2024-08-22,230.0,155.0,2024,8,22,3
2024-08-23,230.0,160.0,2024,8,23,4
2024-08-24,230.0,160.0,2024,8,24,5
2024-08-25,230.0,160.0,2024,8,25,6
2024-08-26,200.0,215.0,2024,8,26,0
2024-08-27,230.0,175.0,2024,8,27,1
2024-08-28,230.0,165.0,2024,8,28,2
2024-08-29,250.0,175.0,2024,8,29,3
2024-08-30,230.0,175.0,2024,8,30,4
2024-08-31,230.0,175.0,2024,8,31,5
2024-09-01,230.0,175.0,2024,9,1,6
2024-09-02,250.0,190.0,2024,9,2,0
2024-09-03,250.0,190.0,2024,9,3,1
2024-09-04,230.0,165.0,2024,9,4,2
2024-09-05,230.0,190.0,2024,9,5,3
2024-09-06,230.0,180.0,2024,9,6,4
2024-09-07,230.0,180.0,2024,9,7,5
2024-09-08,230.0,180.0,2024,9,8,6
2024-09-09,230.0,170.0,2024,9,9,0
2024-09-10,250.0,150.0,2024,9,10,1
2024-09-11,230.0,140.0,2024,9,11,2
2024-09-12,200.0,125.0,2024,9,12,3
2024-09-13,200.0,125.0,2024,9,13,4
2024-09-14,200.0,125.0,2024,9,14,5
2024-09-15,200.0,125.0,2024,9,15,6
2024-09-16,200.0,125.0,2024,9,16,0
2024-09-17,200.0,125.0,2024,9,17,1
2024-09-18,200.0,150.0,2024,9,18,2
2024-09-19,200.0,155.0,2024,9,19,3
2024-09-20,200.0,155.0,2024,9,20,4
2024-09-21,200.0,155.0,2024,9,21,5
2024-09-22,200.0,155.0,2024,9,22,6
2024-09-23,200.0,375.0,2024,9,23,0
2024-09-24,230.0,145.0,2024,9,24,1
2024-09-25,200.0,125.0,2024,9,25,2
2024-09-26,200.0,120.0,2024,9,26,3
2024-09-27,150.0,90.0,2024,9,27,4
2024-09-28,150.0,90.0,2024,9,28,5
2024-09-29,150.0,90.0,2024,9,29,6
2024-09-30,170.0,110.0,2024,9,30,0
2024-10-01,150.0,110.0,2024,10,1,1
2024-10-02,150.0,100.0,2024,10,2,2
2024-10-03,150.0,75.0,2024,10,3,3
2024-10-04,150.0,70.0,2024,10,4,4
2024-10-05,150.0,70.0,2024,10,5,5
2024-10-06,150.0,70.0,2024,10,6,6
2024-10-07,180.0,75.0,2024,10,7,0
2024-10-08,150.0,85.0,2024,10,8,1
2024-10-09,170.0,85.0,2024,10,9,2
2024-10-10,150.0,75.0,2024,10,10,3
2024-10-11,130.0,70.0,2024,10,11,4
2024-10-12,130.0,70.0,2024,10,12,5
2024-10-13,130.0,70.0,2024,10,13,6
2024-10-14,150.0,75.0,2024,10,14,0
2024-10-15,130.0,70.0,2024,10,15,1
2024-10-16,120.0,90.0,2024,10,16,2
2024-10-17,120.0,90.0,2024,10,17,3
2024-10-18,120.0,65.0,2024,10,18,4
2024-10-19,120.0,65.0,2024,10,19,5
2024-10-20,120.0,65.0,2024,10,20,6
2024-10-21,150.0,90.0,2024,10,21,0
2024-10-22,150.0,75.0,2024,10,22,1
2024-10-23,130.0,70.0,2024,10,23,2
2024-10-24,130.0,75.0,2024,10,24,3
2024-10-25,150.0,75.0,2024,10,25,4
2024-10-26,150.0,75.0,2024,10,26,5
2024-10-27,150.0,75.0,2024,10,27,6
2024-10-28,150.0,90.0,2024,10,28,0
2024-10-29,140.0,65.0,2024,10,29,1
2024-10-30,130.0,65.0,2024,10,30,2
2024-10-31,130.0,65.0,2024,10,31,3
2024-11-01,150.0,70.0,2024,11,1,4
2024-11-02,150.0,70.0,2024,11,2,5
2024-11-03,150.0,70.0,2024,11,3,6
2024-11-04,130.0,80.0,2024,11,4,0
2024-11-05,130.0,65.0,2024,11,5,1
2024-11-06,100.0,75.0,2024,11,6,2
2024-11-07,130.0,68.0,2024,11,7,3
2024-11-08,150.0,63.0,2024,11,8,4
2024-11-09,150.0,63.0,2024,11,9,5
2024-11-10,150.0,63.0,2024,11,10,6
2024-11-11,140.0,65.0,2024,11,11,0
2024-11-12,160.0,100.0,2024,11,12,1
2024-11-13,150.0,130.0,2024,11,13,2
2024-11-14,150.0,130.0,2024,11,14,3
2024-11-15,150.0,130.0,2024,11,15,4
2024-11-16,150.0,130.0,2024,11,16,5
2024-11-17,150.0,130.0,2024,11,17,6
2024-11-18,150.0,130.0,2024,11,18,0
2024-11-19,120.0,90.0,2024,11,19,1
2024-11-20,120.0,95.0,2024,11,20,2
2024-11-21,120.0,85.0,2024,11,21,3
2024-11-22,120.0,75.0,2024,11,22,4
2024-11-23,120.0,75.0,2024,11,23,5
2024-11-24,120.0,75.0,2024,11,24,6
2024-11-25,150.0,85.0,2024,11,25,0
2024-11-26,180.0,70.0,2024,11,26,1
2024-11-27,180.0,180.0,2024,11,27,2
2024-11-28,170.0,155.0,2024,11,28,3
2024-11-29,200.0,135.0,2024,11,29,4
2024-11-30,200.0,135.0,2024,11,30,5
2024-12-01,200.0,135.0,2024,12,1,6
2024-12-02,200.0,75.0,2024,12,2,0
2024-12-03,150.0,90.0,2024,12,3,1
2024-12-04,150.0,155.0,2024,12,4,2
2024-12-05,150.0,155.0,2024,12,5,3
2024-12-06,130.0,135.0,2024,12,6,4
2024-12-07,130.0,135.0,2024,12,7,5
2024-12-08,130.0,135.0,2024,12,8,6
2024-12-09,180.0,165.0,2024,12,9,0
2024-12-10,200.0,125.0,2024,12,10,1
2024-12-11,180.0,145.0,2024,12,11,2
2024-12-12,200.0,125.0,2024,12,12,3
2024-12-13,230.0,125.0,2024,12,13,4
2024-12-14,230.0,125.0,2024,12,14,5
2024-12-15,230.0,125.0,2024,12,15,6
2024-12-16,200.0,120.0,2024,12,16,0
2024-12-17,180.0,115.0,2024,12,17,1
2024-12-18,200.0,135.0,2024,12,18,2
2024-12-19,180.0,155.0,2024,12,19,3
2024-12-20,200.0,95.0,2024,12,20,4
2024-12-21,200.0,95.0,2024,12,21,5
2024-12-22,200.0,95.0,2024,12,22,6
2024-12-23,200.0,115.0,2024,12,23,0
2024-12-24,200.0,125.0,2024,12,24,1
2024-12-25,200.0,125.0,2024,12,25,2
2024-12-26,200.0,165.0,2024,12,26,3
2024-12-27,180.0,240.0,2024,12,27,4
2024-12-28,180.0,240.0,2024,12,28,5
2024-12-29,180.0,240.0,2024,12,29,6
2024-12-30,250.0,210.0,2024,12,30,0
2024-12-31,300.0,210.0,2024,12,31,1
2025-01-01,250.0,175.0,2025,1,1,2
2025-01-02,250.0,225.0,2025,1,2,3
2025-01-03,300.0,260.0,2025,1,3,4
2025-01-04,300.0,260.0,2025,1,4,5
2025-01-05,300.0,260.0,2025,1,5,6
2025-01-06,230.0,175.0,2025,1,6,0
2025-01-07,300.0,175.0,2025,1,7,1
2025-01-08,250.0,175.0,2025,1,8,2
2025-01-09,230.0,145.0,2025,1,9,3
2025-01-10,250.0,150.0,2025,1,10,4
2025-01-11,250.0,150.0,2025,1,11,5
2025-01-12,250.0,150.0,2025,1,12,6
2025-01-13,250.0,150.0,2025,1,13,0
2025-01-14,250.0,150.0,2025,1,14,1
2025-01-15,300.0,185.0,2025,1,15,2
2025-01-16,330.0,205.0,2025,1,16,3
2025-01-17,300.0,210.0,2025,1,17,4
2025-01-18,300.0,210.0,2025,1,18,5
2025-01-19,300.0,210.0,2025,1,19,6
2025-01-20,300.0,230.0,2025,1,20,0
2025-01-21,250.0,190.0,2025,1,21,1
2025-01-22,300.0,210.0,2025,1,22,2
2025-01-23,300.0,225.0,2025,1,23,3
2025-01-24,330.0,225.0,2025,1,24,4
2025-01-25,330.0,225.0,2025,1,25,5
2025-01-26,330.0,225.0,2025,1,26,6
2025-01-27,350.0,260.0,2025,1,27,0
2025-01-28,350.0,235.0,2025,1,28,1
2025-01-29,350.0,215.0,2025,1,29,2
2025-01-30,330.0,360.0,2025,1,30,3
2025-01-31,350.0,475.0,2025,1,31,4
2025-02-01,350.0,475.0,2025,2,1,5
2025-02-02,350.0,475.0,2025,2,2,6
2025-02-03,350.0,415.0,2025,2,3,0
2025-02-04,350.0,415.0,2025,2,4,1
2025-02-05,500.0,440.0,2025,2,5,2
2025-02-06,500.0,400.0,2025,2,6,3
2025-02-07,550.0,375.0,2025,2,7,4
2025-02-08,550.0,375.0,2025,2,8,5
2025-02-09,550.0,375.0,2025,2,9,6
2025-02-10,700.0,650.0,2025,2,10,0
2025-02-11,750.0,650.0,2025,2,11,1
2025-02-12,750.0,650.0,2025,2,12,2
2025-02-13,700.0,725.0,2025,2,13,3
2025-02-14,650.0,675.0,2025,2,14,4
2025-02-15,650.0,675.0,2025,2,15,5
2025-02-16,650.0,675.0,2025,2,16,6
2025-02-17,850.0,840.0,2025,2,17,0
2025-02-18,850.0,750.0,2025,2,18,1
2025-02-19,650.0,550.0,2025,2,19,2
2025-02-20,650.0,465.0,2025,2,20,3
2025-02-21,650.0,375.0,2025,2,21,4
2025-02-22,650.0,375.0,2025,2,22,5
2025-02-23,650.0,375.0,2025,2,23,6
2025-02-24,650.0,375.0,2025,2,24,0
2025-02-25,650.0,375.0,2025,2,25,1
2025-02-26,650.0,375.0,2025,2,26,2
2025-02-27,650.0,375.0,2025,2,27,3
2025-02-28,900.0,750.0,2025,2,28,4
2025-03-01,900.0,750.0,2025,3,1,5
2025-03-02,900.0,750.0,2025,3,2,6
2025-03-03,800.0,700.0,2025,3,3,0
2025-03-04,800.0,625.0,2025,3,4,1
2025-03-05,700.0,525.0,2025,3,5,2
2025-03-06,800.0,775.0,2025,3,6,3
2025-03-07,800.0,650.0,2025,3,7,4
2025-03-08,800.0,650.0,2025,3,8,5
2025-03-09,800.0,650.0,2025,3,9,6
2025-03-10,700.0,675.0,2025,3,10,0
2025-03-11,650.0,650.0,2025,3,11,1
2025-03-12,700.0,640.0,2025,3,12,2
2025-03-13,700.0,640.0,2025,3,13,3
2025-03-14,700.0,660.0,2025,3,14,4
2025-03-15,700.0,660.0,2025,3,15,5
2025-03-16,700.0,660.0,2025,3,16,6
2025-03-17,550.0,525.0,2025,3,17,0
2025-03-18,550.0,500.0,2025,3,18,1
2025-03-19,550.0,450.0,2025,3,19,2
2025-03-20,450.0,610.0,2025,3,20,3
2025-03-21,400.0,350.0,2025,3,21,4
2025-03-22,400.0,350.0,2025,3,22,5
2025-03-23,400.0,350.0,2025,3,23,6
2025-03-24,800.0,525.0,2025,3,24,0
2025-03-25,700.0,600.0,2025,3,25,1
2025-03-26,650.0,550.0,2025,3,26,2
2025-03-27,650.0,540.0,2025,3,27,3
2025-03-28,600.0,475.0,2025,3,28,4
2025-03-29,600.0,475.0,2025,3,29,5
2025-03-30,600.0,475.0,2025,3,30,6
2025-03-31,600.0,475.0,2025,3,31,0
2025-04-01,550.0,560.0,2025,4,1,1
2025-04-02,550.0,375.0,2025,4,2,2
2025-04-03,450.0,375.0,2025,4,3,3
2025-04-04,500.0,410.0,2025,4,4,4
2025-04-05,500.0,410.0,2025,4,5,5
2025-04-06,500.0,410.0,2025,4,6,6
2025-04-07,400.0,310.0,2025,4,7,0
2025-04-08,400.0,310.0,2025,4,8,1
2025-04-09,400.0,260.0,2025,4,9,2
2025-04-10,350.0,325.0,2025,4,10,3
2025-04-11,450.0,315.0,2025,4,11,4
2025-04-12,450.0,315.0,2025,4,12,5
2025-04-13,450.0,315.0,2025,4,13,6
2025-04-14,450.0,315.0,2025,4,14,0
2025-04-15,450.0,315.0,2025,4,15,1
2025-04-16,450.0,315.0,2025,4,16,2
2025-04-17,450.0,315.0,2025,4,17,3
2025-04-18,450.0,315.0,2025,4,18,4
2025-04-19,450.0,315.0,2025,4,19,5
2025-04-20,450.0,315.0,2025,4,20,6
2025-04-21,400.0,400.0,2025,4,21,0
2025-04-22,500.0,325.0,2025,4,22,1
2025-04-23,500.0,365.0,2025,4,23,2
2025-04-24,450.0,365.0,2025,4,24,3
2025-04-25,450.0,275.0,2025,4,25,4
2025-04-26,450.0,275.0,2025,4,26,5
2025-04-27,450.0,275.0,2025,4,27,6
2025-04-28,450.0,375.0,2025,4,28,0
2025-04-29,550.0,350.0,2025,4,29,1
2025-04-30,600.0,525.0,2025,4,30,2
2025-05-01,600.0,525.0,2025,5,1,3
2025-05-02,750.0,625.0,2025,5,2,4
2025-05-03,750.0,625.0,2025,5,3,5
2025-05-04,750.0,625.0,2025,5,4,6
2025-05-05,650.0,625.0,2025,5,5,0
2025-05-06,655.0,650.0,2025,5,6,1
2025-05-07,730.0,650.0,2025,5,7,2
2025-05-08,750.0,650.0,2025,5,8,3
2025-05-09,800.0,740.0,2025,5,9,4
2025-05-10,800.0,740.0,2025,5,10,5
2025-05-11,800.0,740.0,2025,5,11,6
2025-05-12,800.0,740.0,2025,5,12,0
2025-05-13,800.0,740.0,2025,5,13,1
2025-05-14,700.0,775.0,2025,5,14,2
2025-05-15,850.0,865.0,2025,5,15,3
2025-05-16,850.0,775.0,2025,5,16,4
2025-05-17,850.0,775.0,2025,5,17,5
2025-05-18,850.0,775.0,2025,5,18,6
2025-05-19,850.0,725.0,2025,5,19,0
2025-05-20,850.0,700.0,2025,5,20,1
2025-05-21,750.0,615.0,2025,5,21,2
2025-05-22,750.0,550.0,2025,5,22,3
2025-05-23,650.0,610.0,2025,5,23,4
2025-05-24,650.0,610.0,2025,5,24,5
2025-05-25,650.0,610.0,2025,5,25,6
2025-05-26,650.0,365.0,2025,5,26,0
2025-05-27,700.0,595.0,2025,5,27,1
2025-05-28,750.0,395.0,2025,5,28,2
2025-05-29,750.0,490.0,2025,5,29,3
2025-05-30,650.0,640.0,2025,5,30,4
2025-05-31,650.0,640.0,2025,5,31,5
2025-06-01,650.0,640.0,2025,6,1,6
2025-06-02,700.0,725.0,2025,6,2,0
2025-06-03,700.0,560.0,2025,6,3,1
2025-06-04,750.0,575.0,2025,6,4,2
2025-06-05,600.0,500.0,2025,6,5,3
2025-06-06,600.0,475.0,2025,6,6,4
2025-06-07,600.0,475.0,2025,6,7,5
2025-06-08,600.0,475.0,2025,6,8,6
2025-06-09,650.0,610.0,2025,6,9,0
2025-06-10,650.0,610.0,2025,6,10,1
2025-06-11,640.0,650.0,2025,6,11,2
2025-06-12,725.0,650.0,2025,6,12,3
2025-06-13,700.0,640.0,2025,6,13,4
2025-06-14,700.0,640.0,2025,6,14,5
2025-06-15,700.0,640.0,2025,6,15,6
2025-06-16,450.0,485.0,2025,6,16,0
2025-06-17,500.0,440.0,2025,6,17,1
2025-06-18,450.0,445.0,2025,6,18,2
2025-06-19,450.0,475.0,2025,6,19,3
2025-06-20,450.0,390.0,2025,6,20,4
2025-06-21,450.0,390.0,2025,6,21,5
2025-06-22,450.0,390.0,2025,6,22,6
2025-06-23,350.0,325.0,2025,6,23,0
2025-06-24,350.0,285.0,2025,6,24,1
2025-06-25,350.0,295.0,2025,6,25,2
2025-06-26,350.0,315.0,2025,6,26,3
2025-06-27,330.0,275.0,2025,6,27,4
2025-06-28,330.0,275.0,2025,6,28,5
2025-06-29,330.0,275.0,2025,6,29,6
2025-06-30,250.0,215.0,2025,6,30,0
2025-07-01,250.0,295.0,2025,7,1,1
2025-07-02,300.0,250.0,2025,7,2,2
2025-07-03,350.0,265.0,2025,7,3,3
2025-07-04,330.0,275.0,2025,7,4,4
2025-07-05,330.0,275.0,2025,7,5,5
2025-07-06,330.0,275.0,2025,7,6,6
2025-07-07,350.0,345.0,2025,7,7,0
2025-07-08,400.0,275.0,2025,7,8,1
2025-07-09,400.0,345.0,2025,7,9,2
2025-07-10,400.0,345.0,2025,7,10,3
2025-07-11,400.0,445.0,2025,7,11,4
2025-07-12,400.0,445.0,2025,7,12,5
2025-07-13,400.0,445.0,2025,7,13,6
2025-07-14,400.0,245.0,2025,7,14,0
2025-07-15,350.0,285.0,2025,7,15,1
2025-07-16,300.0,275.0,2025,7,16,2
2025-07-17,300.0,245.0,2025,7,17,3
2025-07-18,300.0,225.0,2025,7,18,4
2025-07-19,300.0,225.0,2025,7,19,5
2025-07-20,300.0,225.0,2025,7,20,6
2025-07-21,300.0,280.0,2025,7,21,0
2025-07-22,300.0,240.0,2025,7,22,1
2025-07-23,350.0,265.0,2025,7,23,2
2025-07-24,350.0,315.0,2025,7,24,3
2025-07-25,300.0,250.0,2025,7,25,4
2025-07-26,300.0,250.0,2025,7,26,5
2025-07-27,300.0,250.0,2025,7,27,6
2025-07-28,350.0,260.0,2025,7,28,0
2025-07-29,300.0,205.0,2025,7,29,1
2025-07-30,350.0,290.0,2025,7,30,2
2025-07-31,350.0,255.0,2025,7,31,3
2025-08-01,350.0,295.0,2025,8,1,4
2025-08-02,350.0,295.0,2025,8,2,5
2025-08-03,350.0,295.0,2025,8,3,6
2025-08-04,400.0,325.0,2025,8,4,0
2025-08-05,350.0,275.0,2025,8,5,1
2025-08-06,300.0,330.0,2025,8,6,2
2025-08-07,300.0,335.0,2025,8,7,3
2025-08-08,300.0,335.0,2025,8,8,4
2025-08-09,300.0,335.0,2025,8,9,5
2025-08-10,300.0,335.0,2025,8,10,6
2025-08-11,500.0,515.0,2025,8,11,0
2025-08-12,500.0,460.0,2025,8,12,1
2025-08-13,350.0,425.0,2025,8,13,2
2025-08-14,300.0,325.0,2025,8,14,3
2025-08-15,300.0,305.0,2025,8,15,4
2025-08-16,300.0,305.0,2025,8,16,5
2025-08-17,300.0,305.0,2025,8,17,6
2025-08-18,350.0,345.0,2025,8,18,0
